timestamp,epoch,in_sample,accuracy,loss
2020-12-22 17:26:32.002804,0,in_sample,0.52,0.2496
2020-12-22 17:26:32.132805,0,in_sample,0.56,0.2461
2020-12-22 17:26:32.269334,0,in_sample,0.36,0.307
2020-12-22 17:26:32.408335,0,in_sample,0.41,0.2575
2020-12-22 17:26:32.534854,0,in_sample,0.43,0.2525
2020-12-22 17:26:32.663852,0,in_sample,0.46,0.2511
2020-12-22 17:26:32.790853,0,in_sample,0.49,0.2502
2020-12-22 17:26:32.926854,0,in_sample,0.5,0.2501
2020-12-22 17:26:33.082854,0,in_sample,0.48,0.2501
2020-12-22 17:26:33.226853,0,in_sample,0.59,0.2497
2020-12-22 17:26:33.376854,0,in_sample,0.53,0.2499
2020-12-22 17:26:33.521857,0,in_sample,0.51,0.2502
2020-12-22 17:26:33.652852,0,in_sample,0.58,0.2497
2020-12-22 17:26:33.789855,0,in_sample,0.48,0.25
2020-12-22 17:26:33.914925,0,in_sample,0.56,0.2495
2020-12-22 17:26:34.043925,0,in_sample,0.54,0.2494
2020-12-22 17:26:34.178926,0,in_sample,0.52,0.2495
2020-12-22 17:26:34.309928,0,in_sample,0.54,0.2491
2020-12-22 17:26:34.439929,0,in_sample,0.52,0.2491
2020-12-22 17:26:34.569927,0,in_sample,0.48,0.2499
2020-12-22 17:26:34.694928,0,in_sample,0.49,0.2511
2020-12-22 17:26:34.837926,0,in_sample,0.51,0.2498
2020-12-22 17:26:34.960927,0,in_sample,0.5,0.2505
2020-12-22 17:26:35.100458,0,in_sample,0.49,0.2506
2020-12-22 17:26:35.234459,0,in_sample,0.43,0.2553
2020-12-22 17:26:35.370457,0,in_sample,0.5,0.2499
2020-12-22 17:26:35.512457,0,in_sample,0.47,0.2502
2020-12-22 17:26:35.645969,0,in_sample,0.52,0.2506
2020-12-22 17:26:35.780969,0,in_sample,0.63,0.249
2020-12-22 17:26:35.924969,0,in_sample,0.57,0.2493
2020-12-22 17:26:36.057969,0,in_sample,0.54,0.2495
2020-12-22 17:26:36.195969,0,in_sample,0.56,0.2493
2020-12-22 17:26:36.315971,0,in_sample,0.67,0.2476
2020-12-22 17:26:36.446969,0,in_sample,0.43,0.2512
2020-12-22 17:26:36.579971,0,in_sample,0.55,0.2493
2020-12-22 17:26:36.724969,0,in_sample,0.53,0.2492
2020-12-22 17:26:36.853974,0,in_sample,0.55,0.2489
2020-12-22 17:26:37.001970,0,in_sample,0.56,0.2484
2020-12-22 17:26:37.121969,0,in_sample,0.52,0.2495
2020-12-22 17:26:37.271969,0,in_sample,0.56,0.2487
2020-12-22 17:26:37.425969,0,in_sample,0.47,0.2505
2020-12-22 17:26:37.563970,0,in_sample,0.57,0.248
2020-12-22 17:26:37.684479,0,in_sample,0.57,0.247
2020-12-22 17:26:37.809480,0,in_sample,0.49,0.2489
2020-12-22 17:26:37.940479,0,in_sample,0.56,0.2476
2020-12-22 17:26:38.074004,0,in_sample,0.57,0.2481
2020-12-22 17:26:38.212002,0,in_sample,0.57,0.2449
2020-12-22 17:26:38.321001,0,in_sample,0.59,0.2469
2020-12-22 17:26:38.466517,0,in_sample,0.49,0.249
2020-12-22 17:26:38.602516,0,in_sample,0.57,0.2451
2020-12-22 17:26:38.739517,0,in_sample,0.58,0.2434
2020-12-22 17:26:38.881518,0,in_sample,0.51,0.2435
2020-12-22 17:26:39.035517,0,in_sample,0.52,0.2538
2020-12-22 17:26:39.175550,0,in_sample,0.52,0.2523
2020-12-22 17:26:39.317550,0,in_sample,0.53,0.2489
2020-12-22 17:26:39.461552,0,in_sample,0.57,0.2392
2020-12-22 17:26:39.593549,0,in_sample,0.56,0.2404
2020-12-22 17:26:39.730549,0,in_sample,0.51,0.2453
2020-12-22 17:26:39.866550,0,in_sample,0.53,0.2457
2020-12-22 17:26:39.998551,0,in_sample,0.55,0.2489
2020-12-22 17:26:40.136549,0,in_sample,0.63,0.2388
2020-12-22 17:26:40.259658,0,in_sample,0.5,0.2523
2020-12-22 17:26:40.396658,0,in_sample,0.52,0.2491
2020-12-22 17:26:40.525658,0,in_sample,0.61,0.2402
2020-12-22 17:26:40.657658,0,in_sample,0.5,0.2537
2020-12-22 17:26:40.790680,0,in_sample,0.44,0.2555
2020-12-22 17:26:40.921681,0,in_sample,0.6,0.241
2020-12-22 17:26:41.063680,0,in_sample,0.6,0.2431
2020-12-22 17:26:41.198681,0,in_sample,0.5,0.2482
2020-12-22 17:26:41.323680,0,in_sample,0.5,0.2586
2020-12-22 17:26:41.451680,0,in_sample,0.52,0.2532
2020-12-22 17:26:41.587681,0,in_sample,0.61,0.2416
2020-12-22 17:26:41.723682,0,in_sample,0.51,0.2493
2020-12-22 17:26:41.846681,0,in_sample,0.45,0.2516
2020-12-22 17:26:41.979680,0,in_sample,0.56,0.2458
2020-12-22 17:26:42.116709,0,in_sample,0.63,0.2427
2020-12-22 17:26:42.248707,0,in_sample,0.57,0.2491
2020-12-22 17:26:42.386706,0,in_sample,0.6,0.2448
2020-12-22 17:26:42.512709,0,in_sample,0.57,0.2437
2020-12-22 17:26:42.648707,0,in_sample,0.53,0.2422
2020-12-22 17:26:42.772709,0,in_sample,0.41,0.2611
2020-12-22 17:26:42.906708,0,in_sample,0.56,0.2465
2020-12-22 17:26:43.044271,0,in_sample,0.62,0.2388
2020-12-22 17:26:43.177271,0,in_sample,0.55,0.2432
2020-12-22 17:26:43.318271,0,in_sample,0.66,0.2352
2020-12-22 17:26:43.444787,0,in_sample,0.71,0.2353
2020-12-22 17:26:43.587783,0,in_sample,0.52,0.2474
2020-12-22 17:26:43.725292,0,in_sample,0.59,0.2409
2020-12-22 17:26:43.854293,0,in_sample,0.67,0.2429
2020-12-22 17:26:43.986292,0,in_sample,0.64,0.2338
2020-12-22 17:26:44.120293,0,in_sample,0.68,0.2241
2020-12-22 17:26:44.243293,0,in_sample,0.57,0.2511
2020-12-22 17:26:44.386294,0,in_sample,0.61,0.24
2020-12-22 17:26:44.523293,0,in_sample,0.62,0.2501
2020-12-22 17:26:44.661292,0,in_sample,0.68,0.2222
2020-12-22 17:26:44.790318,0,in_sample,0.54,0.2443
2020-12-22 17:26:44.917320,0,in_sample,0.62,0.2337
2020-12-22 17:26:45.053319,0,in_sample,0.54,0.2472
2020-12-22 17:26:45.196356,0,in_sample,0.62,0.2308
2020-12-22 17:26:45.332357,0,in_sample,0.48,0.2501
2020-12-22 17:26:45.452356,0,in_sample,0.6,0.2362
2020-12-22 17:26:45.588356,0,in_sample,0.62,0.2389
2020-12-22 17:26:45.717358,0,in_sample,0.64,0.232
2020-12-22 17:26:45.848356,0,in_sample,0.58,0.2352
2020-12-22 17:26:45.991357,0,in_sample,0.62,0.2426
2020-12-22 17:26:46.122359,0,in_sample,0.65,0.2148
2020-12-22 17:26:46.255898,0,in_sample,0.63,0.2283
2020-12-22 17:26:46.397792,0,in_sample,0.65,0.2304
2020-12-22 17:26:46.529793,0,in_sample,0.57,0.2443
2020-12-22 17:26:46.667309,0,in_sample,0.69,0.2192
2020-12-22 17:26:46.800310,0,in_sample,0.64,0.2264
2020-12-22 17:26:46.931310,0,in_sample,0.57,0.2489
2020-12-22 17:26:47.078310,0,in_sample,0.61,0.2348
2020-12-22 17:26:47.219309,0,in_sample,0.59,0.242
2020-12-22 17:26:47.355309,0,in_sample,0.63,0.2308
2020-12-22 17:26:47.500356,0,in_sample,0.6,0.2344
2020-12-22 17:26:47.634356,0,in_sample,0.63,0.2376
2020-12-22 17:26:47.769355,0,in_sample,0.58,0.2542
2020-12-22 17:26:47.902354,0,in_sample,0.53,0.2539
2020-12-22 17:26:48.043354,0,in_sample,0.61,0.2338
2020-12-22 17:26:48.176354,0,in_sample,0.7,0.2204
2020-12-22 17:26:48.306354,0,in_sample,0.58,0.2438
2020-12-22 17:26:48.441354,0,in_sample,0.58,0.2433
2020-12-22 17:26:48.577356,0,in_sample,0.58,0.2273
2020-12-22 17:26:48.713354,0,in_sample,0.56,0.2337
2020-12-22 17:26:48.849354,0,in_sample,0.49,0.2464
2020-12-22 17:26:48.986356,0,in_sample,0.63,0.2268
2020-12-22 17:26:49.123354,0,in_sample,0.58,0.2372
2020-12-22 17:26:49.263355,0,in_sample,0.61,0.2192
2020-12-22 17:26:49.410355,0,in_sample,0.53,0.2541
2020-12-22 17:26:49.549354,0,in_sample,0.65,0.2278
2020-12-22 17:26:49.696386,0,in_sample,0.6,0.2518
2020-12-22 17:26:49.831386,0,in_sample,0.43,0.2878
2020-12-22 17:26:49.970388,0,in_sample,0.59,0.2351
2020-12-22 17:26:50.109389,0,in_sample,0.61,0.2384
2020-12-22 17:26:50.254418,0,in_sample,0.58,0.2445
2020-12-22 17:26:50.394386,0,in_sample,0.62,0.2309
2020-12-22 17:26:50.525387,0,in_sample,0.51,0.2536
2020-12-22 17:26:50.659387,0,in_sample,0.55,0.2352
2020-12-22 17:26:50.792386,0,in_sample,0.62,0.237
2020-12-22 17:26:50.937392,0,in_sample,0.63,0.2333
2020-12-22 17:26:51.066387,0,in_sample,0.53,0.2445
2020-12-22 17:26:51.209397,0,in_sample,0.51,0.2447
2020-12-22 17:26:51.345426,0,in_sample,0.6,0.2388
2020-12-22 17:26:51.486427,0,in_sample,0.59,0.239
2020-12-22 17:26:51.623458,0,in_sample,0.54,0.2425
2020-12-22 17:26:51.758457,0,in_sample,0.6,0.2389
2020-12-22 17:26:51.892457,0,in_sample,0.52,0.2436
2020-12-22 17:26:52.025458,0,in_sample,0.58,0.2434
2020-12-22 17:26:52.151458,0,in_sample,0.61,0.2418
2020-12-22 17:26:52.282457,0,in_sample,0.61,0.2364
2020-12-22 17:26:52.417458,0,in_sample,0.68,0.2312
2020-12-22 17:26:52.551457,0,in_sample,0.62,0.233
2020-12-22 17:26:52.681471,0,in_sample,0.6,0.2287
2020-12-22 17:26:52.819457,0,in_sample,0.58,0.2318
2020-12-22 17:26:52.950969,0,in_sample,0.62,0.2279
2020-12-22 17:26:53.083970,0,in_sample,0.69,0.2188
2020-12-22 17:26:53.220967,0,in_sample,0.66,0.2213
2020-12-22 17:26:53.354967,0,in_sample,0.61,0.2403
2020-12-22 17:26:53.489967,0,in_sample,0.51,0.2529
2020-12-22 17:26:53.633970,0,in_sample,0.66,0.2297
2020-12-22 17:26:53.766971,0,in_sample,0.65,0.2276
2020-12-22 17:26:53.891968,0,in_sample,0.62,0.2214
2020-12-22 17:26:54.020967,0,in_sample,0.61,0.2341
2020-12-22 17:26:54.148967,0,in_sample,0.63,0.2256
2020-12-22 17:26:54.272968,0,in_sample,0.61,0.2385
2020-12-22 17:26:54.412483,0,in_sample,0.66,0.2273
2020-12-22 17:26:54.550483,0,in_sample,0.54,0.2494
2020-12-22 17:26:54.681483,0,in_sample,0.56,0.2358
2020-12-22 17:26:54.821482,0,in_sample,0.65,0.2166
2020-12-22 17:26:54.956483,0,in_sample,0.54,0.2396
2020-12-22 17:26:55.088484,0,in_sample,0.5,0.2593
2020-12-22 17:26:55.208512,0,in_sample,0.6,0.214
2020-12-22 17:26:55.346512,0,in_sample,0.59,0.2262
2020-12-22 17:26:55.480513,0,in_sample,0.69,0.2168
2020-12-22 17:26:55.618087,0,in_sample,0.66,0.2333
2020-12-22 17:26:55.738088,0,in_sample,0.62,0.2303
2020-12-22 17:26:55.875088,0,in_sample,0.61,0.2316
2020-12-22 17:26:56.012087,0,in_sample,0.67,0.2212
2020-12-22 17:26:56.127088,0,in_sample,0.51,0.2552
2020-12-22 17:26:56.265088,0,in_sample,0.68,0.2031
2020-12-22 17:26:56.404088,0,in_sample,0.55,0.2306
2020-12-22 17:26:56.531086,0,in_sample,0.61,0.2288
2020-12-22 17:26:56.666086,0,in_sample,0.65,0.2143
2020-12-22 17:26:56.792085,0,in_sample,0.6,0.232
2020-12-22 17:26:56.929086,0,in_sample,0.63,0.2416
2020-12-22 17:26:57.059243,0,in_sample,0.65,0.236
2020-12-22 17:26:57.196242,0,in_sample,0.6,0.2356
2020-12-22 17:26:57.328240,0,in_sample,0.62,0.2381
2020-12-22 17:26:57.465241,0,in_sample,0.63,0.2229
2020-12-22 17:26:57.597267,0,in_sample,0.57,0.2505
2020-12-22 17:26:57.737243,0,in_sample,0.57,0.256
2020-12-22 17:26:57.861240,0,in_sample,0.62,0.2351
2020-12-22 17:26:57.987243,0,in_sample,0.62,0.2236
2020-12-22 17:26:58.131240,0,in_sample,0.69,0.2174
2020-12-22 17:26:58.259240,0,in_sample,0.61,0.2496
2020-12-22 17:26:58.399241,0,in_sample,0.57,0.2541
2020-12-22 17:26:58.534271,0,in_sample,0.48,0.2658
2020-12-22 17:26:58.667240,0,in_sample,0.7,0.2121
2020-12-22 17:26:58.790268,0,in_sample,0.57,0.2455
2020-12-22 17:26:58.914240,0,in_sample,0.61,0.235
2020-12-22 17:26:59.058265,0,in_sample,0.63,0.2203
2020-12-22 17:26:59.196265,0,in_sample,0.57,0.2283
2020-12-22 17:26:59.343265,0,in_sample,0.57,0.2514
2020-12-22 17:26:59.482265,0,in_sample,0.53,0.2496
2020-12-22 17:26:59.627264,0,in_sample,0.53,0.2416
2020-12-22 17:26:59.746267,0,in_sample,0.54,0.2492
2020-12-22 17:26:59.859811,0,in_sample,0.59,0.2428
2020-12-22 17:26:59.992810,0,in_sample,0.58,0.2407
2020-12-22 17:27:00.126811,0,in_sample,0.59,0.2435
2020-12-22 17:27:00.258811,0,in_sample,0.67,0.2216
2020-12-22 17:27:00.397812,0,in_sample,0.7,0.2213
2020-12-22 17:27:00.526848,0,in_sample,0.68,0.2209
2020-12-22 17:27:00.657390,0,in_sample,0.61,0.2336
2020-12-22 17:27:00.790388,0,in_sample,0.66,0.2214
2020-12-22 17:27:00.919540,0,in_sample,0.66,0.2247
2020-12-22 17:27:01.058508,0,in_sample,0.58,0.2449
2020-12-22 17:27:01.192018,0,in_sample,0.75,0.2139
2020-12-22 17:27:01.328018,0,in_sample,0.71,0.2213
2020-12-22 17:27:01.465020,0,in_sample,0.75,0.2043
2020-12-22 17:27:01.603018,0,in_sample,0.65,0.219
2020-12-22 17:27:01.738017,0,in_sample,0.64,0.2248
2020-12-22 17:27:01.873017,0,in_sample,0.68,0.214
2020-12-22 17:27:02.002018,0,in_sample,0.55,0.2503
2020-12-22 17:27:02.053017,0,in_sample,0.7,0.1922
2020-12-22 17:27:05.281589,1,in_sample,0.59,0.2353
2020-12-22 17:27:05.438590,1,in_sample,0.58,0.2505
2020-12-22 17:27:05.592590,1,in_sample,0.59,0.2349
2020-12-22 17:27:05.741589,1,in_sample,0.6,0.2363
2020-12-22 17:27:05.880592,1,in_sample,0.7,0.2063
2020-12-22 17:27:06.018590,1,in_sample,0.61,0.2356
2020-12-22 17:27:06.147590,1,in_sample,0.6,0.2303
2020-12-22 17:27:06.284590,1,in_sample,0.65,0.2172
2020-12-22 17:27:06.422589,1,in_sample,0.66,0.2139
2020-12-22 17:27:06.569589,1,in_sample,0.58,0.225
2020-12-22 17:27:06.701589,1,in_sample,0.65,0.2245
2020-12-22 17:27:06.806589,1,in_sample,0.61,0.2246
2020-12-22 17:27:06.947590,1,in_sample,0.65,0.2235
2020-12-22 17:27:07.083589,1,in_sample,0.59,0.2383
2020-12-22 17:27:07.210185,1,in_sample,0.67,0.2154
2020-12-22 17:27:07.354208,1,in_sample,0.63,0.233
2020-12-22 17:27:07.490207,1,in_sample,0.59,0.2417
2020-12-22 17:27:07.607727,1,in_sample,0.67,0.2153
2020-12-22 17:27:07.744726,1,in_sample,0.57,0.2434
2020-12-22 17:27:07.885725,1,in_sample,0.64,0.2093
2020-12-22 17:27:08.021725,1,in_sample,0.59,0.2256
2020-12-22 17:27:08.136724,1,in_sample,0.55,0.2441
2020-12-22 17:27:08.277725,1,in_sample,0.64,0.2284
2020-12-22 17:27:08.397728,1,in_sample,0.55,0.2388
2020-12-22 17:27:08.535724,1,in_sample,0.63,0.2446
2020-12-22 17:27:08.655724,1,in_sample,0.65,0.2171
2020-12-22 17:27:08.780724,1,in_sample,0.59,0.2335
2020-12-22 17:27:08.899724,1,in_sample,0.64,0.2236
2020-12-22 17:27:09.025726,1,in_sample,0.7,0.2104
2020-12-22 17:27:09.151726,1,in_sample,0.56,0.2264
2020-12-22 17:27:09.276727,1,in_sample,0.6,0.2346
2020-12-22 17:27:09.409795,1,in_sample,0.72,0.2064
2020-12-22 17:27:09.546794,1,in_sample,0.62,0.2159
2020-12-22 17:27:09.683794,1,in_sample,0.68,0.2058
2020-12-22 17:27:09.828793,1,in_sample,0.69,0.2061
2020-12-22 17:27:09.955794,1,in_sample,0.58,0.2262
2020-12-22 17:27:10.084796,1,in_sample,0.6,0.2193
2020-12-22 17:27:10.216304,1,in_sample,0.74,0.18
2020-12-22 17:27:10.348306,1,in_sample,0.56,0.2544
2020-12-22 17:27:10.478305,1,in_sample,0.63,0.2283
2020-12-22 17:27:10.607305,1,in_sample,0.57,0.2315
2020-12-22 17:27:10.731387,1,in_sample,0.55,0.2522
2020-12-22 17:27:10.854361,1,in_sample,0.67,0.2141
2020-12-22 17:27:10.979359,1,in_sample,0.71,0.1959
2020-12-22 17:27:11.120360,1,in_sample,0.68,0.2059
2020-12-22 17:27:11.258361,1,in_sample,0.62,0.2207
2020-12-22 17:27:11.390360,1,in_sample,0.65,0.2166
2020-12-22 17:27:11.512359,1,in_sample,0.67,0.2148
2020-12-22 17:27:11.647381,1,in_sample,0.62,0.223
2020-12-22 17:27:11.786380,1,in_sample,0.59,0.2305
2020-12-22 17:27:11.912381,1,in_sample,0.63,0.226
2020-12-22 17:27:12.039897,1,in_sample,0.67,0.2128
2020-12-22 17:27:12.163888,1,in_sample,0.62,0.2149
2020-12-22 17:27:12.302888,1,in_sample,0.69,0.2231
2020-12-22 17:27:12.435888,1,in_sample,0.6,0.2339
2020-12-22 17:27:12.562888,1,in_sample,0.71,0.2028
2020-12-22 17:27:12.670891,1,in_sample,0.66,0.2279
2020-12-22 17:27:12.800891,1,in_sample,0.64,0.2216
2020-12-22 17:27:12.918887,1,in_sample,0.65,0.2098
2020-12-22 17:27:13.054890,1,in_sample,0.62,0.2299
2020-12-22 17:27:13.167888,1,in_sample,0.7,0.2004
2020-12-22 17:27:13.299888,1,in_sample,0.7,0.2077
2020-12-22 17:27:13.434927,1,in_sample,0.61,0.2331
2020-12-22 17:27:13.573927,1,in_sample,0.64,0.23
2020-12-22 17:27:13.715927,1,in_sample,0.59,0.2453
2020-12-22 17:27:13.852928,1,in_sample,0.66,0.214
2020-12-22 17:27:13.988927,1,in_sample,0.65,0.2118
2020-12-22 17:27:14.132927,1,in_sample,0.62,0.2313
2020-12-22 17:27:14.263927,1,in_sample,0.62,0.2393
2020-12-22 17:27:14.398927,1,in_sample,0.62,0.2346
2020-12-22 17:27:14.522927,1,in_sample,0.65,0.2139
2020-12-22 17:27:14.650929,1,in_sample,0.58,0.2248
2020-12-22 17:27:14.770440,1,in_sample,0.61,0.243
2020-12-22 17:27:14.898440,1,in_sample,0.49,0.2856
2020-12-22 17:27:15.028479,1,in_sample,0.6,0.2341
2020-12-22 17:27:15.147992,1,in_sample,0.7,0.2217
2020-12-22 17:27:15.278508,1,in_sample,0.61,0.2347
2020-12-22 17:27:15.409509,1,in_sample,0.59,0.2373
2020-12-22 17:27:15.528507,1,in_sample,0.55,0.2401
2020-12-22 17:27:15.662507,1,in_sample,0.58,0.2349
2020-12-22 17:27:15.775508,1,in_sample,0.47,0.2842
2020-12-22 17:27:15.911511,1,in_sample,0.54,0.2464
2020-12-22 17:27:16.050507,1,in_sample,0.57,0.2239
2020-12-22 17:27:16.184559,1,in_sample,0.57,0.2339
2020-12-22 17:27:16.305560,1,in_sample,0.69,0.2178
2020-12-22 17:27:16.440556,1,in_sample,0.68,0.2186
2020-12-22 17:27:16.561558,1,in_sample,0.63,0.2224
2020-12-22 17:27:16.696557,1,in_sample,0.64,0.2386
2020-12-22 17:27:16.810557,1,in_sample,0.6,0.238
2020-12-22 17:27:16.952556,1,in_sample,0.66,0.2296
2020-12-22 17:27:17.082557,1,in_sample,0.72,0.2157
2020-12-22 17:27:17.211560,1,in_sample,0.58,0.2326
2020-12-22 17:27:17.345558,1,in_sample,0.7,0.2187
2020-12-22 17:27:17.469557,1,in_sample,0.65,0.228
2020-12-22 17:27:17.599578,1,in_sample,0.67,0.2133
2020-12-22 17:27:17.723580,1,in_sample,0.69,0.2234
2020-12-22 17:27:17.862578,1,in_sample,0.65,0.2204
2020-12-22 17:27:18.002577,1,in_sample,0.64,0.2298
2020-12-22 17:27:18.135600,1,in_sample,0.67,0.2162
2020-12-22 17:27:18.247600,1,in_sample,0.65,0.2285
2020-12-22 17:27:18.387600,1,in_sample,0.61,0.2187
2020-12-22 17:27:18.507601,1,in_sample,0.64,0.2299
2020-12-22 17:27:18.637600,1,in_sample,0.71,0.2085
2020-12-22 17:27:18.773601,1,in_sample,0.57,0.2336
2020-12-22 17:27:18.895111,1,in_sample,0.61,0.2394
2020-12-22 17:27:19.022111,1,in_sample,0.72,0.2028
2020-12-22 17:27:19.148112,1,in_sample,0.62,0.219
2020-12-22 17:27:19.280115,1,in_sample,0.63,0.219
2020-12-22 17:27:19.416114,1,in_sample,0.66,0.2194
2020-12-22 17:27:19.533114,1,in_sample,0.66,0.2058
2020-12-22 17:27:19.652111,1,in_sample,0.7,0.2042
2020-12-22 17:27:19.785115,1,in_sample,0.61,0.2393
2020-12-22 17:27:19.927112,1,in_sample,0.63,0.2271
2020-12-22 17:27:20.057120,1,in_sample,0.63,0.2174
2020-12-22 17:27:20.191121,1,in_sample,0.77,0.1881
2020-12-22 17:27:20.319784,1,in_sample,0.61,0.2228
2020-12-22 17:27:20.451787,1,in_sample,0.61,0.2226
2020-12-22 17:27:20.575359,1,in_sample,0.56,0.2379
2020-12-22 17:27:20.703359,1,in_sample,0.62,0.2415
2020-12-22 17:27:20.846358,1,in_sample,0.64,0.2262
2020-12-22 17:27:20.979358,1,in_sample,0.68,0.2116
2020-12-22 17:27:21.110357,1,in_sample,0.64,0.2293
2020-12-22 17:27:21.249357,1,in_sample,0.61,0.2323
2020-12-22 17:27:21.399359,1,in_sample,0.71,0.1947
2020-12-22 17:27:21.530357,1,in_sample,0.64,0.2142
2020-12-22 17:27:21.642881,1,in_sample,0.55,0.2514
2020-12-22 17:27:21.774881,1,in_sample,0.63,0.2114
2020-12-22 17:27:21.906881,1,in_sample,0.72,0.1998
2020-12-22 17:27:22.029880,1,in_sample,0.71,0.2005
2020-12-22 17:27:22.161881,1,in_sample,0.61,0.2279
2020-12-22 17:27:22.282883,1,in_sample,0.63,0.2332
2020-12-22 17:27:22.409882,1,in_sample,0.58,0.2353
2020-12-22 17:27:22.539880,1,in_sample,0.63,0.2238
2020-12-22 17:27:22.663880,1,in_sample,0.62,0.2107
2020-12-22 17:27:22.791928,1,in_sample,0.64,0.2238
2020-12-22 17:27:22.905926,1,in_sample,0.6,0.2545
2020-12-22 17:27:23.044461,1,in_sample,0.63,0.236
2020-12-22 17:27:23.178461,1,in_sample,0.63,0.2366
2020-12-22 17:27:23.317462,1,in_sample,0.74,0.195
2020-12-22 17:27:23.457461,1,in_sample,0.68,0.2155
2020-12-22 17:27:23.594462,1,in_sample,0.69,0.2137
2020-12-22 17:27:23.727461,1,in_sample,0.65,0.2291
2020-12-22 17:27:23.854462,1,in_sample,0.67,0.2104
2020-12-22 17:27:23.984463,1,in_sample,0.73,0.1992
2020-12-22 17:27:24.109462,1,in_sample,0.72,0.202
2020-12-22 17:27:24.239462,1,in_sample,0.57,0.2327
2020-12-22 17:27:24.373465,1,in_sample,0.71,0.2128
2020-12-22 17:27:24.504462,1,in_sample,0.64,0.2167
2020-12-22 17:27:24.617545,1,in_sample,0.63,0.2323
2020-12-22 17:27:24.744545,1,in_sample,0.7,0.2145
2020-12-22 17:27:24.877545,1,in_sample,0.7,0.2181
2020-12-22 17:27:25.016545,1,in_sample,0.73,0.2069
2020-12-22 17:27:25.152544,1,in_sample,0.68,0.1937
2020-12-22 17:27:25.290544,1,in_sample,0.63,0.2202
2020-12-22 17:27:25.432544,1,in_sample,0.61,0.2253
2020-12-22 17:27:25.549544,1,in_sample,0.73,0.2011
2020-12-22 17:27:25.677054,1,in_sample,0.68,0.2071
2020-12-22 17:27:25.810054,1,in_sample,0.62,0.2101
2020-12-22 17:27:25.948055,1,in_sample,0.61,0.2165
2020-12-22 17:27:26.079054,1,in_sample,0.6,0.2361
2020-12-22 17:27:26.199054,1,in_sample,0.62,0.2249
2020-12-22 17:27:26.337054,1,in_sample,0.72,0.201
2020-12-22 17:27:26.471056,1,in_sample,0.72,0.2076
2020-12-22 17:27:26.590054,1,in_sample,0.72,0.1997
2020-12-22 17:27:26.723055,1,in_sample,0.68,0.2135
2020-12-22 17:27:26.848054,1,in_sample,0.61,0.2227
2020-12-22 17:27:26.962057,1,in_sample,0.66,0.2207
2020-12-22 17:27:27.082573,1,in_sample,0.63,0.2388
2020-12-22 17:27:27.219573,1,in_sample,0.7,0.1967
2020-12-22 17:27:27.350573,1,in_sample,0.7,0.1967
2020-12-22 17:27:27.481573,1,in_sample,0.63,0.2199
2020-12-22 17:27:27.604572,1,in_sample,0.59,0.2477
2020-12-22 17:27:27.742572,1,in_sample,0.77,0.1818
2020-12-22 17:27:27.880573,1,in_sample,0.59,0.2175
2020-12-22 17:27:28.016572,1,in_sample,0.69,0.1837
2020-12-22 17:27:28.153572,1,in_sample,0.7,0.2073
2020-12-22 17:27:28.286572,1,in_sample,0.71,0.2057
2020-12-22 17:27:28.426599,1,in_sample,0.66,0.2135
2020-12-22 17:27:28.556599,1,in_sample,0.7,0.2035
2020-12-22 17:27:28.691601,1,in_sample,0.65,0.2285
2020-12-22 17:27:28.826598,1,in_sample,0.78,0.1768
2020-12-22 17:27:28.964599,1,in_sample,0.72,0.1967
2020-12-22 17:27:29.077599,1,in_sample,0.67,0.209
2020-12-22 17:27:29.205600,1,in_sample,0.67,0.1959
2020-12-22 17:27:29.329600,1,in_sample,0.65,0.2279
2020-12-22 17:27:29.458601,1,in_sample,0.64,0.2283
2020-12-22 17:27:29.592623,1,in_sample,0.66,0.2221
2020-12-22 17:27:29.721621,1,in_sample,0.62,0.2233
2020-12-22 17:27:29.849133,1,in_sample,0.7,0.1964
2020-12-22 17:27:29.987134,1,in_sample,0.68,0.2093
2020-12-22 17:27:30.124133,1,in_sample,0.6,0.2473
2020-12-22 17:27:30.243643,1,in_sample,0.61,0.2421
2020-12-22 17:27:30.381646,1,in_sample,0.64,0.2204
2020-12-22 17:27:30.503643,1,in_sample,0.77,0.1728
2020-12-22 17:27:30.637643,1,in_sample,0.73,0.2043
2020-12-22 17:27:30.782645,1,in_sample,0.65,0.2423
2020-12-22 17:27:30.912644,1,in_sample,0.58,0.251
2020-12-22 17:27:31.033644,1,in_sample,0.59,0.2477
2020-12-22 17:27:31.154191,1,in_sample,0.71,0.195
2020-12-22 17:27:31.290192,1,in_sample,0.66,0.2181
2020-12-22 17:27:31.420223,1,in_sample,0.65,0.2228
2020-12-22 17:27:31.542191,1,in_sample,0.67,0.2055
2020-12-22 17:27:31.676191,1,in_sample,0.63,0.21
2020-12-22 17:27:31.798193,1,in_sample,0.65,0.2198
2020-12-22 17:27:31.933190,1,in_sample,0.63,0.2295
2020-12-22 17:27:32.067192,1,in_sample,0.77,0.1871
2020-12-22 17:27:32.207190,1,in_sample,0.65,0.2098
2020-12-22 17:27:32.346190,1,in_sample,0.53,0.2551
2020-12-22 17:27:32.475217,1,in_sample,0.53,0.2605
2020-12-22 17:27:32.589216,1,in_sample,0.65,0.2126
2020-12-22 17:27:32.717217,1,in_sample,0.71,0.1958
2020-12-22 17:27:32.848216,1,in_sample,0.68,0.2079
2020-12-22 17:27:32.982217,1,in_sample,0.68,0.2035
2020-12-22 17:27:33.119217,1,in_sample,0.67,0.2044
2020-12-22 17:27:33.235216,1,in_sample,0.7,0.1963
2020-12-22 17:27:33.356216,1,in_sample,0.71,0.1982
2020-12-22 17:27:33.489216,1,in_sample,0.53,0.2474
2020-12-22 17:27:33.618216,1,in_sample,0.72,0.187
2020-12-22 17:27:33.752216,1,in_sample,0.71,0.1941
2020-12-22 17:27:33.874747,1,in_sample,0.81,0.1758
2020-12-22 17:27:34.016748,1,in_sample,0.71,0.1919
2020-12-22 17:27:34.137748,1,in_sample,0.76,0.1829
2020-12-22 17:27:34.270748,1,in_sample,0.75,0.1868
2020-12-22 17:27:34.404750,1,in_sample,0.62,0.2377
2020-12-22 17:27:34.457749,1,in_sample,0.7,0.1774
2020-12-22 17:27:37.583362,2,in_sample,0.68,0.206
2020-12-22 17:27:37.705362,2,in_sample,0.6,0.2533
2020-12-22 17:27:37.833362,2,in_sample,0.62,0.2249
2020-12-22 17:27:37.970363,2,in_sample,0.55,0.2506
2020-12-22 17:27:38.094361,2,in_sample,0.73,0.1713
2020-12-22 17:27:38.225362,2,in_sample,0.62,0.2222
2020-12-22 17:27:38.341364,2,in_sample,0.67,0.2053
2020-12-22 17:27:38.463362,2,in_sample,0.73,0.2
2020-12-22 17:27:38.602363,2,in_sample,0.78,0.186
2020-12-22 17:27:38.726362,2,in_sample,0.61,0.2195
2020-12-22 17:27:38.857362,2,in_sample,0.71,0.1966
2020-12-22 17:27:38.996362,2,in_sample,0.67,0.2229
2020-12-22 17:27:39.135362,2,in_sample,0.69,0.2139
2020-12-22 17:27:39.271362,2,in_sample,0.63,0.218
2020-12-22 17:27:39.405876,2,in_sample,0.69,0.2079
2020-12-22 17:27:39.527876,2,in_sample,0.64,0.2151
2020-12-22 17:27:39.660874,2,in_sample,0.65,0.2221
2020-12-22 17:27:39.784876,2,in_sample,0.76,0.1894
2020-12-22 17:27:39.899873,2,in_sample,0.62,0.2439
2020-12-22 17:27:40.032876,2,in_sample,0.72,0.1928
2020-12-22 17:27:40.167874,2,in_sample,0.64,0.2108
2020-12-22 17:27:40.309898,2,in_sample,0.61,0.2469
2020-12-22 17:27:40.444897,2,in_sample,0.66,0.2163
2020-12-22 17:27:40.563897,2,in_sample,0.61,0.2277
2020-12-22 17:27:40.691589,2,in_sample,0.52,0.2572
2020-12-22 17:27:40.829587,2,in_sample,0.7,0.2021
2020-12-22 17:27:40.966588,2,in_sample,0.66,0.2134
2020-12-22 17:27:41.104587,2,in_sample,0.64,0.2153
2020-12-22 17:27:41.229587,2,in_sample,0.7,0.1949
2020-12-22 17:27:41.361587,2,in_sample,0.66,0.2111
2020-12-22 17:27:41.487587,2,in_sample,0.6,0.2313
2020-12-22 17:27:41.606589,2,in_sample,0.74,0.1896
2020-12-22 17:27:41.740587,2,in_sample,0.66,0.2024
2020-12-22 17:27:41.880588,2,in_sample,0.74,0.1851
2020-12-22 17:27:42.017588,2,in_sample,0.72,0.1941
2020-12-22 17:27:42.152126,2,in_sample,0.67,0.2104
2020-12-22 17:27:42.280095,2,in_sample,0.7,0.2001
2020-12-22 17:27:42.417097,2,in_sample,0.77,0.1792
2020-12-22 17:27:42.540093,2,in_sample,0.65,0.2395
2020-12-22 17:27:42.659096,2,in_sample,0.64,0.2101
2020-12-22 17:27:42.794095,2,in_sample,0.69,0.1993
2020-12-22 17:27:42.937096,2,in_sample,0.63,0.2405
2020-12-22 17:27:43.072094,2,in_sample,0.74,0.1888
2020-12-22 17:27:43.211093,2,in_sample,0.72,0.1882
2020-12-22 17:27:43.334095,2,in_sample,0.72,0.1851
2020-12-22 17:27:43.451094,2,in_sample,0.66,0.2101
2020-12-22 17:27:43.575094,2,in_sample,0.64,0.212
2020-12-22 17:27:43.706094,2,in_sample,0.7,0.1977
2020-12-22 17:27:43.822096,2,in_sample,0.63,0.2086
2020-12-22 17:27:43.947094,2,in_sample,0.66,0.2294
2020-12-22 17:27:44.078136,2,in_sample,0.63,0.2259
2020-12-22 17:27:44.208134,2,in_sample,0.65,0.2099
2020-12-22 17:27:44.344134,2,in_sample,0.73,0.1901
2020-12-22 17:27:44.466134,2,in_sample,0.72,0.2052
2020-12-22 17:27:44.582137,2,in_sample,0.63,0.2231
2020-12-22 17:27:44.702134,2,in_sample,0.72,0.191
2020-12-22 17:27:44.836230,2,in_sample,0.71,0.2036
2020-12-22 17:27:44.967203,2,in_sample,0.7,0.2121
2020-12-22 17:27:45.092718,2,in_sample,0.66,0.2039
2020-12-22 17:27:45.235232,2,in_sample,0.7,0.1999
2020-12-22 17:27:45.381246,2,in_sample,0.73,0.1946
2020-12-22 17:27:45.512231,2,in_sample,0.74,0.1919
2020-12-22 17:27:45.649232,2,in_sample,0.68,0.2224
2020-12-22 17:27:45.774231,2,in_sample,0.7,0.193
2020-12-22 17:27:45.896232,2,in_sample,0.67,0.2051
2020-12-22 17:27:46.037232,2,in_sample,0.68,0.1935
2020-12-22 17:27:46.171231,2,in_sample,0.68,0.189
2020-12-22 17:27:46.304231,2,in_sample,0.71,0.1964
2020-12-22 17:27:46.442231,2,in_sample,0.67,0.1962
2020-12-22 17:27:46.559232,2,in_sample,0.71,0.2034
2020-12-22 17:27:46.685759,2,in_sample,0.68,0.2029
2020-12-22 17:27:46.812762,2,in_sample,0.68,0.2038
2020-12-22 17:27:46.926760,2,in_sample,0.65,0.2141
2020-12-22 17:27:47.051759,2,in_sample,0.62,0.2339
2020-12-22 17:27:47.179760,2,in_sample,0.68,0.1927
2020-12-22 17:27:47.297760,2,in_sample,0.76,0.183
2020-12-22 17:27:47.424760,2,in_sample,0.66,0.2127
2020-12-22 17:27:47.546760,2,in_sample,0.63,0.2381
2020-12-22 17:27:47.676760,2,in_sample,0.66,0.2102
2020-12-22 17:27:47.790761,2,in_sample,0.66,0.214
2020-12-22 17:27:47.929759,2,in_sample,0.64,0.2147
2020-12-22 17:27:48.056760,2,in_sample,0.71,0.1996
2020-12-22 17:27:48.179761,2,in_sample,0.72,0.1819
2020-12-22 17:27:48.320762,2,in_sample,0.56,0.2592
2020-12-22 17:27:48.466762,2,in_sample,0.67,0.2164
2020-12-22 17:27:48.607760,2,in_sample,0.68,0.205
2020-12-22 17:27:48.721762,2,in_sample,0.69,0.1997
2020-12-22 17:27:48.858776,2,in_sample,0.6,0.2251
2020-12-22 17:27:48.993778,2,in_sample,0.62,0.2142
2020-12-22 17:27:49.131777,2,in_sample,0.69,0.194
2020-12-22 17:27:49.261779,2,in_sample,0.75,0.1812
2020-12-22 17:27:49.401811,2,in_sample,0.69,0.2056
2020-12-22 17:27:49.545811,2,in_sample,0.71,0.1882
2020-12-22 17:27:49.684813,2,in_sample,0.71,0.2096
2020-12-22 17:27:49.816813,2,in_sample,0.66,0.2063
2020-12-22 17:27:49.961812,2,in_sample,0.74,0.1997
2020-12-22 17:27:50.079813,2,in_sample,0.65,0.2066
2020-12-22 17:27:50.221350,2,in_sample,0.71,0.2023
2020-12-22 17:27:50.362350,2,in_sample,0.72,0.199
2020-12-22 17:27:50.498353,2,in_sample,0.64,0.2195
2020-12-22 17:27:50.634350,2,in_sample,0.72,0.1821
2020-12-22 17:27:50.764351,2,in_sample,0.66,0.216
2020-12-22 17:27:50.886352,2,in_sample,0.76,0.1775
2020-12-22 17:27:51.029377,2,in_sample,0.64,0.2335
2020-12-22 17:27:51.163350,2,in_sample,0.63,0.2434
2020-12-22 17:27:51.284351,2,in_sample,0.7,0.1859
2020-12-22 17:27:51.418352,2,in_sample,0.64,0.2125
2020-12-22 17:27:51.546350,2,in_sample,0.66,0.2069
2020-12-22 17:27:51.690350,2,in_sample,0.7,0.2046
2020-12-22 17:27:51.813351,2,in_sample,0.69,0.1843
2020-12-22 17:27:51.946350,2,in_sample,0.74,0.1873
2020-12-22 17:27:52.073350,2,in_sample,0.61,0.2318
2020-12-22 17:27:52.202352,2,in_sample,0.64,0.2142
2020-12-22 17:27:52.335888,2,in_sample,0.7,0.1949
2020-12-22 17:27:52.470889,2,in_sample,0.77,0.1732
2020-12-22 17:27:52.597887,2,in_sample,0.65,0.201
2020-12-22 17:27:52.735921,2,in_sample,0.71,0.1954
2020-12-22 17:27:52.876887,2,in_sample,0.67,0.2184
2020-12-22 17:27:53.009887,2,in_sample,0.67,0.2169
2020-12-22 17:27:53.140887,2,in_sample,0.68,0.2053
2020-12-22 17:27:53.272887,2,in_sample,0.67,0.1968
2020-12-22 17:27:53.405890,2,in_sample,0.7,0.2033
2020-12-22 17:27:53.538889,2,in_sample,0.62,0.2221
2020-12-22 17:27:53.679887,2,in_sample,0.72,0.1757
2020-12-22 17:27:53.828888,2,in_sample,0.68,0.1974
2020-12-22 17:27:53.964888,2,in_sample,0.56,0.2429
2020-12-22 17:27:54.094888,2,in_sample,0.69,0.1994
2020-12-22 17:27:54.229889,2,in_sample,0.69,0.1913
2020-12-22 17:27:54.364887,2,in_sample,0.74,0.1894
2020-12-22 17:27:54.492888,2,in_sample,0.64,0.2137
2020-12-22 17:27:54.633915,2,in_sample,0.59,0.2353
2020-12-22 17:27:54.779913,2,in_sample,0.72,0.1874
2020-12-22 17:27:54.923915,2,in_sample,0.57,0.2422
2020-12-22 17:27:55.064939,2,in_sample,0.66,0.1964
2020-12-22 17:27:55.198939,2,in_sample,0.67,0.1995
2020-12-22 17:27:55.337478,2,in_sample,0.64,0.2368
2020-12-22 17:27:55.463476,2,in_sample,0.66,0.223
2020-12-22 17:27:55.598477,2,in_sample,0.6,0.2358
2020-12-22 17:27:55.725476,2,in_sample,0.72,0.1983
2020-12-22 17:27:55.865478,2,in_sample,0.74,0.1979
2020-12-22 17:27:56.003992,2,in_sample,0.71,0.204
2020-12-22 17:27:56.143991,2,in_sample,0.65,0.209
2020-12-22 17:27:56.284992,2,in_sample,0.71,0.2072
2020-12-22 17:27:56.413994,2,in_sample,0.78,0.1811
2020-12-22 17:27:56.547991,2,in_sample,0.75,0.1881
2020-12-22 17:27:56.676991,2,in_sample,0.62,0.2169
2020-12-22 17:27:56.812992,2,in_sample,0.74,0.1976
2020-12-22 17:27:56.949994,2,in_sample,0.65,0.2091
2020-12-22 17:27:57.087992,2,in_sample,0.64,0.2224
2020-12-22 17:27:57.233991,2,in_sample,0.68,0.2193
2020-12-22 17:27:57.361992,2,in_sample,0.63,0.2189
2020-12-22 17:27:57.512992,2,in_sample,0.75,0.2043
2020-12-22 17:27:57.640991,2,in_sample,0.73,0.1734
2020-12-22 17:27:57.772991,2,in_sample,0.64,0.2099
2020-12-22 17:27:57.896992,2,in_sample,0.61,0.2147
2020-12-22 17:27:58.033162,2,in_sample,0.73,0.1997
2020-12-22 17:27:58.169182,2,in_sample,0.67,0.1978
2020-12-22 17:27:58.289185,2,in_sample,0.77,0.1918
2020-12-22 17:27:58.430182,2,in_sample,0.67,0.198
2020-12-22 17:27:58.560182,2,in_sample,0.67,0.2248
2020-12-22 17:27:58.700740,2,in_sample,0.63,0.2292
2020-12-22 17:27:58.828739,2,in_sample,0.67,0.1971
2020-12-22 17:27:58.958739,2,in_sample,0.7,0.2055
2020-12-22 17:27:59.083741,2,in_sample,0.73,0.1914
2020-12-22 17:27:59.211742,2,in_sample,0.69,0.2012
2020-12-22 17:27:59.338742,2,in_sample,0.7,0.2043
2020-12-22 17:27:59.464739,2,in_sample,0.66,0.2172
2020-12-22 17:27:59.597739,2,in_sample,0.6,0.263
2020-12-22 17:27:59.731739,2,in_sample,0.74,0.1904
2020-12-22 17:27:59.857785,2,in_sample,0.71,0.1838
2020-12-22 17:27:59.982815,2,in_sample,0.68,0.2091
2020-12-22 17:28:00.127813,2,in_sample,0.61,0.2284
2020-12-22 17:28:00.273783,2,in_sample,0.75,0.1735
2020-12-22 17:28:00.407313,2,in_sample,0.63,0.2211
2020-12-22 17:28:00.547826,2,in_sample,0.71,0.1756
2020-12-22 17:28:00.675825,2,in_sample,0.69,0.2031
2020-12-22 17:28:00.801825,2,in_sample,0.73,0.1907
2020-12-22 17:28:00.936828,2,in_sample,0.67,0.2087
2020-12-22 17:28:01.076825,2,in_sample,0.73,0.1912
2020-12-22 17:28:01.211841,2,in_sample,0.68,0.2059
2020-12-22 17:28:01.354840,2,in_sample,0.76,0.1683
2020-12-22 17:28:01.470842,2,in_sample,0.67,0.1905
2020-12-22 17:28:01.608840,2,in_sample,0.71,0.193
2020-12-22 17:28:01.723840,2,in_sample,0.72,0.1817
2020-12-22 17:28:01.861839,2,in_sample,0.69,0.2062
2020-12-22 17:28:01.983841,2,in_sample,0.69,0.206
2020-12-22 17:28:02.097840,2,in_sample,0.71,0.1942
2020-12-22 17:28:02.233840,2,in_sample,0.64,0.2172
2020-12-22 17:28:02.382841,2,in_sample,0.71,0.1887
2020-12-22 17:28:02.529350,2,in_sample,0.67,0.1986
2020-12-22 17:28:02.669351,2,in_sample,0.63,0.2295
2020-12-22 17:28:02.792377,2,in_sample,0.66,0.2331
2020-12-22 17:28:02.933349,2,in_sample,0.67,0.2061
2020-12-22 17:28:03.057354,2,in_sample,0.79,0.1545
2020-12-22 17:28:03.207350,2,in_sample,0.76,0.1846
2020-12-22 17:28:03.338351,2,in_sample,0.65,0.2242
2020-12-22 17:28:03.471349,2,in_sample,0.61,0.2374
2020-12-22 17:28:03.607350,2,in_sample,0.62,0.2398
2020-12-22 17:28:03.720352,2,in_sample,0.7,0.1884
2020-12-22 17:28:03.847353,2,in_sample,0.65,0.2225
2020-12-22 17:28:03.981352,2,in_sample,0.7,0.2154
2020-12-22 17:28:04.111351,2,in_sample,0.7,0.187
2020-12-22 17:28:04.246351,2,in_sample,0.66,0.2052
2020-12-22 17:28:04.373350,2,in_sample,0.7,0.2112
2020-12-22 17:28:04.503349,2,in_sample,0.61,0.2189
2020-12-22 17:28:04.624352,2,in_sample,0.78,0.1652
2020-12-22 17:28:04.740352,2,in_sample,0.69,0.1882
2020-12-22 17:28:04.861349,2,in_sample,0.6,0.2328
2020-12-22 17:28:05.001350,2,in_sample,0.63,0.2342
2020-12-22 17:28:05.139349,2,in_sample,0.69,0.1916
2020-12-22 17:28:05.277350,2,in_sample,0.75,0.1826
2020-12-22 17:28:05.437350,2,in_sample,0.69,0.2021
2020-12-22 17:28:05.575352,2,in_sample,0.75,0.1943
2020-12-22 17:28:05.691350,2,in_sample,0.73,0.1903
2020-12-22 17:28:05.816350,2,in_sample,0.67,0.1961
2020-12-22 17:28:05.959349,2,in_sample,0.74,0.1862
2020-12-22 17:28:06.084350,2,in_sample,0.6,0.2377
2020-12-22 17:28:06.222349,2,in_sample,0.77,0.165
2020-12-22 17:28:06.367857,2,in_sample,0.7,0.1789
2020-12-22 17:28:06.509860,2,in_sample,0.79,0.167
2020-12-22 17:28:06.643891,2,in_sample,0.72,0.1833
2020-12-22 17:28:06.777918,2,in_sample,0.74,0.1772
2020-12-22 17:28:06.918892,2,in_sample,0.74,0.169
2020-12-22 17:28:07.055890,2,in_sample,0.68,0.2041
2020-12-22 17:28:07.107916,2,in_sample,0.73,0.1598
2020-12-22 17:28:10.277001,3,in_sample,0.71,0.1898
2020-12-22 17:28:10.414003,3,in_sample,0.6,0.2548
2020-12-22 17:28:10.534031,3,in_sample,0.63,0.2172
2020-12-22 17:28:10.673544,3,in_sample,0.62,0.2404
2020-12-22 17:28:10.810545,3,in_sample,0.79,0.1507
2020-12-22 17:28:10.947544,3,in_sample,0.67,0.2068
2020-12-22 17:28:11.082544,3,in_sample,0.69,0.1927
2020-12-22 17:28:11.233545,3,in_sample,0.74,0.1877
2020-12-22 17:28:11.402546,3,in_sample,0.71,0.1826
2020-12-22 17:28:11.538544,3,in_sample,0.68,0.1945
2020-12-22 17:28:11.680636,3,in_sample,0.73,0.1906
2020-12-22 17:28:11.798607,3,in_sample,0.73,0.2021
2020-12-22 17:28:11.929607,3,in_sample,0.75,0.1876
2020-12-22 17:28:12.071622,3,in_sample,0.67,0.1918
2020-12-22 17:28:12.204625,3,in_sample,0.73,0.192
2020-12-22 17:28:12.339654,3,in_sample,0.69,0.2087
2020-12-22 17:28:12.470643,3,in_sample,0.7,0.1952
2020-12-22 17:28:12.601644,3,in_sample,0.81,0.1658
2020-12-22 17:28:12.731852,3,in_sample,0.65,0.2156
2020-12-22 17:28:12.850852,3,in_sample,0.77,0.1748
2020-12-22 17:28:12.992365,3,in_sample,0.65,0.2117
2020-12-22 17:28:13.127364,3,in_sample,0.64,0.2327
2020-12-22 17:28:13.257364,3,in_sample,0.68,0.2035
2020-12-22 17:28:13.377380,3,in_sample,0.65,0.2145
2020-12-22 17:28:13.507380,3,in_sample,0.58,0.2677
2020-12-22 17:28:13.633381,3,in_sample,0.73,0.1887
2020-12-22 17:28:13.767380,3,in_sample,0.7,0.1851
2020-12-22 17:28:13.899380,3,in_sample,0.64,0.2114
2020-12-22 17:28:14.036383,3,in_sample,0.71,0.192
2020-12-22 17:28:14.167380,3,in_sample,0.7,0.1951
2020-12-22 17:28:14.291380,3,in_sample,0.61,0.2333
2020-12-22 17:28:14.439381,3,in_sample,0.74,0.1762
2020-12-22 17:28:14.582382,3,in_sample,0.72,0.183
2020-12-22 17:28:14.717383,3,in_sample,0.75,0.171
2020-12-22 17:28:14.845400,3,in_sample,0.73,0.1823
2020-12-22 17:28:14.978403,3,in_sample,0.71,0.1971
2020-12-22 17:28:15.115410,3,in_sample,0.71,0.183
2020-12-22 17:28:15.246410,3,in_sample,0.77,0.1725
2020-12-22 17:28:15.373408,3,in_sample,0.65,0.2137
2020-12-22 17:28:15.514412,3,in_sample,0.67,0.2015
2020-12-22 17:28:15.647409,3,in_sample,0.76,0.1726
2020-12-22 17:28:15.782409,3,in_sample,0.62,0.2192
2020-12-22 17:28:15.916411,3,in_sample,0.73,0.1761
2020-12-22 17:28:16.036410,3,in_sample,0.75,0.1816
2020-12-22 17:28:16.163428,3,in_sample,0.75,0.1784
2020-12-22 17:28:16.284428,3,in_sample,0.73,0.192
2020-12-22 17:28:16.413430,3,in_sample,0.67,0.2
2020-12-22 17:28:16.545427,3,in_sample,0.69,0.1873
2020-12-22 17:28:16.683429,3,in_sample,0.69,0.1934
2020-12-22 17:28:16.814430,3,in_sample,0.65,0.2317
2020-12-22 17:28:16.951428,3,in_sample,0.67,0.221
2020-12-22 17:28:17.081427,3,in_sample,0.7,0.1866
2020-12-22 17:28:17.206429,3,in_sample,0.76,0.1707
2020-12-22 17:28:17.342430,3,in_sample,0.68,0.2027
2020-12-22 17:28:17.484941,3,in_sample,0.68,0.2065
2020-12-22 17:28:17.614941,3,in_sample,0.7,0.1799
2020-12-22 17:28:17.740939,3,in_sample,0.8,0.1795
2020-12-22 17:28:17.864939,3,in_sample,0.69,0.2045
2020-12-22 17:28:17.991964,3,in_sample,0.69,0.1957
2020-12-22 17:28:18.116964,3,in_sample,0.74,0.1847
2020-12-22 17:28:18.247964,3,in_sample,0.72,0.1845
2020-12-22 17:28:18.388965,3,in_sample,0.74,0.1916
2020-12-22 17:28:18.524964,3,in_sample,0.65,0.2142
2020-12-22 17:28:18.665963,3,in_sample,0.74,0.1703
2020-12-22 17:28:18.806965,3,in_sample,0.68,0.1928
2020-12-22 17:28:18.953964,3,in_sample,0.77,0.1747
2020-12-22 17:28:19.095000,3,in_sample,0.77,0.1652
2020-12-22 17:28:19.236002,3,in_sample,0.77,0.177
2020-12-22 17:28:19.366003,3,in_sample,0.72,0.1744
2020-12-22 17:28:19.504000,3,in_sample,0.64,0.1988
2020-12-22 17:28:19.685002,3,in_sample,0.72,0.1903
2020-12-22 17:28:19.819001,3,in_sample,0.73,0.1832
2020-12-22 17:28:19.959000,3,in_sample,0.68,0.1998
2020-12-22 17:28:20.099001,3,in_sample,0.66,0.2018
2020-12-22 17:28:20.261527,3,in_sample,0.7,0.1741
2020-12-22 17:28:20.402524,3,in_sample,0.83,0.1605
2020-12-22 17:28:20.526524,3,in_sample,0.71,0.1881
2020-12-22 17:28:20.664524,3,in_sample,0.66,0.2149
2020-12-22 17:28:20.801524,3,in_sample,0.67,0.197
2020-12-22 17:28:20.948525,3,in_sample,0.73,0.2006
2020-12-22 17:28:21.082526,3,in_sample,0.63,0.2095
2020-12-22 17:28:21.223524,3,in_sample,0.75,0.1882
2020-12-22 17:28:21.363524,3,in_sample,0.73,0.1866
2020-12-22 17:28:21.505525,3,in_sample,0.55,0.269
2020-12-22 17:28:21.641550,3,in_sample,0.69,0.2217
2020-12-22 17:28:21.769550,3,in_sample,0.72,0.2059
2020-12-22 17:28:21.907550,3,in_sample,0.73,0.1885
2020-12-22 17:28:22.038549,3,in_sample,0.64,0.2077
2020-12-22 17:28:22.176549,3,in_sample,0.69,0.1956
2020-12-22 17:28:22.306549,3,in_sample,0.7,0.1788
2020-12-22 17:28:22.444549,3,in_sample,0.76,0.1644
2020-12-22 17:28:22.585551,3,in_sample,0.74,0.193
2020-12-22 17:28:22.730549,3,in_sample,0.72,0.1725
2020-12-22 17:28:22.854549,3,in_sample,0.71,0.2035
2020-12-22 17:28:22.989550,3,in_sample,0.68,0.2008
2020-12-22 17:28:23.123578,3,in_sample,0.71,0.1861
2020-12-22 17:28:23.257549,3,in_sample,0.68,0.2016
2020-12-22 17:28:23.400549,3,in_sample,0.73,0.1874
2020-12-22 17:28:23.539549,3,in_sample,0.73,0.194
2020-12-22 17:28:23.669552,3,in_sample,0.65,0.2212
2020-12-22 17:28:23.798549,3,in_sample,0.79,0.164
2020-12-22 17:28:23.926549,3,in_sample,0.65,0.2141
2020-12-22 17:28:24.066551,3,in_sample,0.76,0.1761
2020-12-22 17:28:24.205552,3,in_sample,0.65,0.2238
2020-12-22 17:28:24.338597,3,in_sample,0.66,0.2366
2020-12-22 17:28:24.460597,3,in_sample,0.69,0.1872
2020-12-22 17:28:24.590600,3,in_sample,0.67,0.2017
2020-12-22 17:28:24.732113,3,in_sample,0.71,0.1942
2020-12-22 17:28:24.872112,3,in_sample,0.74,0.1886
2020-12-22 17:28:25.014112,3,in_sample,0.72,0.1756
2020-12-22 17:28:25.146114,3,in_sample,0.74,0.1848
2020-12-22 17:28:25.281126,3,in_sample,0.66,0.2303
2020-12-22 17:28:25.425230,3,in_sample,0.63,0.2252
2020-12-22 17:28:25.561228,3,in_sample,0.7,0.1791
2020-12-22 17:28:25.690739,3,in_sample,0.79,0.1588
2020-12-22 17:28:25.825740,3,in_sample,0.7,0.1989
2020-12-22 17:28:25.952740,3,in_sample,0.69,0.1949
2020-12-22 17:28:26.066740,3,in_sample,0.73,0.1989
2020-12-22 17:28:26.201740,3,in_sample,0.64,0.2118
2020-12-22 17:28:26.334739,3,in_sample,0.68,0.2053
2020-12-22 17:28:26.476772,3,in_sample,0.75,0.1749
2020-12-22 17:28:26.616775,3,in_sample,0.68,0.179
2020-12-22 17:28:26.752773,3,in_sample,0.64,0.2182
2020-12-22 17:28:26.885774,3,in_sample,0.77,0.1562
2020-12-22 17:28:27.028287,3,in_sample,0.79,0.1693
2020-12-22 17:28:27.168287,3,in_sample,0.61,0.2381
2020-12-22 17:28:27.299287,3,in_sample,0.68,0.2042
2020-12-22 17:28:27.436288,3,in_sample,0.7,0.1808
2020-12-22 17:28:27.572287,3,in_sample,0.79,0.1801
2020-12-22 17:28:27.719288,3,in_sample,0.67,0.2058
2020-12-22 17:28:27.853289,3,in_sample,0.6,0.2204
2020-12-22 17:28:27.979289,3,in_sample,0.78,0.167
2020-12-22 17:28:28.106288,3,in_sample,0.62,0.2386
2020-12-22 17:28:28.248330,3,in_sample,0.69,0.1813
2020-12-22 17:28:28.385349,3,in_sample,0.76,0.1755
2020-12-22 17:28:28.518349,3,in_sample,0.67,0.2205
2020-12-22 17:28:28.651350,3,in_sample,0.65,0.2197
2020-12-22 17:28:28.779348,3,in_sample,0.66,0.2215
2020-12-22 17:28:28.920376,3,in_sample,0.71,0.1803
2020-12-22 17:28:29.066349,3,in_sample,0.73,0.1808
2020-12-22 17:28:29.194349,3,in_sample,0.74,0.1896
2020-12-22 17:28:29.323349,3,in_sample,0.71,0.1897
2020-12-22 17:28:29.468348,3,in_sample,0.7,0.1955
2020-12-22 17:28:29.598863,3,in_sample,0.82,0.1606
2020-12-22 17:28:29.737863,3,in_sample,0.76,0.1745
2020-12-22 17:28:29.868863,3,in_sample,0.64,0.2077
2020-12-22 17:28:29.992862,3,in_sample,0.73,0.1826
2020-12-22 17:28:30.130897,3,in_sample,0.71,0.1902
2020-12-22 17:28:30.258865,3,in_sample,0.64,0.2134
2020-12-22 17:28:30.398888,3,in_sample,0.68,0.2206
2020-12-22 17:28:30.534887,3,in_sample,0.67,0.2133
2020-12-22 17:28:30.670887,3,in_sample,0.77,0.1865
2020-12-22 17:28:30.810887,3,in_sample,0.76,0.1604
2020-12-22 17:28:30.951813,3,in_sample,0.64,0.205
2020-12-22 17:28:31.094813,3,in_sample,0.69,0.199
2020-12-22 17:28:31.233849,3,in_sample,0.73,0.1897
2020-12-22 17:28:31.373848,3,in_sample,0.73,0.1807
2020-12-22 17:28:31.509846,3,in_sample,0.78,0.1797
2020-12-22 17:28:31.652847,3,in_sample,0.7,0.1838
2020-12-22 17:28:31.783847,3,in_sample,0.65,0.2109
2020-12-22 17:28:31.913847,3,in_sample,0.66,0.2224
2020-12-22 17:28:32.034848,3,in_sample,0.71,0.1903
2020-12-22 17:28:32.154848,3,in_sample,0.72,0.1967
2020-12-22 17:28:32.272879,3,in_sample,0.69,0.1945
2020-12-22 17:28:32.412849,3,in_sample,0.72,0.1873
2020-12-22 17:28:32.538846,3,in_sample,0.69,0.1992
2020-12-22 17:28:32.672846,3,in_sample,0.7,0.2029
2020-12-22 17:28:32.799846,3,in_sample,0.62,0.2565
2020-12-22 17:28:32.936849,3,in_sample,0.72,0.183
2020-12-22 17:28:33.084846,3,in_sample,0.72,0.1805
2020-12-22 17:28:33.218376,3,in_sample,0.7,0.2032
2020-12-22 17:28:33.361404,3,in_sample,0.62,0.2334
2020-12-22 17:28:33.503374,3,in_sample,0.73,0.1774
2020-12-22 17:28:33.643445,3,in_sample,0.69,0.2052
2020-12-22 17:28:33.786444,3,in_sample,0.76,0.162
2020-12-22 17:28:33.927509,3,in_sample,0.75,0.1893
2020-12-22 17:28:34.072482,3,in_sample,0.76,0.1717
2020-12-22 17:28:34.215481,3,in_sample,0.71,0.1907
2020-12-22 17:28:34.354509,3,in_sample,0.75,0.1728
2020-12-22 17:28:34.473510,3,in_sample,0.65,0.2108
2020-12-22 17:28:34.595653,3,in_sample,0.75,0.1705
2020-12-22 17:28:34.732653,3,in_sample,0.71,0.1751
2020-12-22 17:28:34.874656,3,in_sample,0.72,0.186
2020-12-22 17:28:35.009656,3,in_sample,0.78,0.1657
2020-12-22 17:28:35.148520,3,in_sample,0.71,0.198
2020-12-22 17:28:35.277034,3,in_sample,0.68,0.2
2020-12-22 17:28:35.393078,3,in_sample,0.71,0.1805
2020-12-22 17:28:35.523079,3,in_sample,0.68,0.1968
2020-12-22 17:28:35.652079,3,in_sample,0.68,0.1855
2020-12-22 17:28:35.791078,3,in_sample,0.71,0.1813
2020-12-22 17:28:35.928079,3,in_sample,0.62,0.2176
2020-12-22 17:28:36.070081,3,in_sample,0.71,0.2181
2020-12-22 17:28:36.213089,3,in_sample,0.72,0.1918
2020-12-22 17:28:36.362598,3,in_sample,0.83,0.1462
2020-12-22 17:28:36.503598,3,in_sample,0.77,0.1762
2020-12-22 17:28:36.645627,3,in_sample,0.68,0.2082
2020-12-22 17:28:36.775627,3,in_sample,0.64,0.2197
2020-12-22 17:28:36.897629,3,in_sample,0.71,0.2137
2020-12-22 17:28:37.033628,3,in_sample,0.72,0.1676
2020-12-22 17:28:37.175626,3,in_sample,0.69,0.2159
2020-12-22 17:28:37.314626,3,in_sample,0.65,0.2033
2020-12-22 17:28:37.451629,3,in_sample,0.76,0.1677
2020-12-22 17:28:37.585656,3,in_sample,0.74,0.188
2020-12-22 17:28:37.719654,3,in_sample,0.73,0.1975
2020-12-22 17:28:37.859628,3,in_sample,0.72,0.2067
2020-12-22 17:28:37.993629,3,in_sample,0.81,0.1601
2020-12-22 17:28:38.123627,3,in_sample,0.74,0.1781
2020-12-22 17:28:38.237629,3,in_sample,0.62,0.2216
2020-12-22 17:28:38.377626,3,in_sample,0.72,0.2117
2020-12-22 17:28:38.507628,3,in_sample,0.71,0.189
2020-12-22 17:28:38.647626,3,in_sample,0.73,0.1804
2020-12-22 17:28:38.766628,3,in_sample,0.66,0.191
2020-12-22 17:28:38.883627,3,in_sample,0.74,0.1947
2020-12-22 17:28:39.018627,3,in_sample,0.76,0.1731
2020-12-22 17:28:39.162628,3,in_sample,0.66,0.1981
2020-12-22 17:28:39.292137,3,in_sample,0.76,0.1612
2020-12-22 17:28:39.439138,3,in_sample,0.66,0.2249
2020-12-22 17:28:39.580136,3,in_sample,0.78,0.1498
2020-12-22 17:28:39.711138,3,in_sample,0.77,0.1686
2020-12-22 17:28:39.840137,3,in_sample,0.81,0.1509
2020-12-22 17:28:39.988652,3,in_sample,0.72,0.1847
2020-12-22 17:28:40.127650,3,in_sample,0.75,0.1769
2020-12-22 17:28:40.268650,3,in_sample,0.77,0.1547
2020-12-22 17:28:40.405651,3,in_sample,0.75,0.1829
2020-12-22 17:28:40.457649,3,in_sample,0.81,0.1419
2020-12-22 17:28:43.668715,4,in_sample,0.76,0.1834
2020-12-22 17:28:43.794716,4,in_sample,0.59,0.2532
2020-12-22 17:28:43.920714,4,in_sample,0.67,0.211
2020-12-22 17:28:44.066715,4,in_sample,0.68,0.2175
2020-12-22 17:28:44.204714,4,in_sample,0.81,0.1393
2020-12-22 17:28:44.342716,4,in_sample,0.68,0.201
2020-12-22 17:28:44.475715,4,in_sample,0.71,0.1848
2020-12-22 17:28:44.608714,4,in_sample,0.75,0.181
2020-12-22 17:28:44.731254,4,in_sample,0.73,0.1777
2020-12-22 17:28:44.865252,4,in_sample,0.77,0.1731
2020-12-22 17:28:45.003278,4,in_sample,0.73,0.1854
2020-12-22 17:28:45.124251,4,in_sample,0.73,0.187
2020-12-22 17:28:45.256253,4,in_sample,0.79,0.1703
2020-12-22 17:28:45.393386,4,in_sample,0.74,0.1678
2020-12-22 17:28:45.511387,4,in_sample,0.72,0.1819
2020-12-22 17:28:45.640385,4,in_sample,0.63,0.2006
2020-12-22 17:28:45.773385,4,in_sample,0.72,0.1969
2020-12-22 17:28:45.910417,4,in_sample,0.8,0.1507
2020-12-22 17:28:46.056388,4,in_sample,0.65,0.2107
2020-12-22 17:28:46.197896,4,in_sample,0.78,0.1766
2020-12-22 17:28:46.344896,4,in_sample,0.69,0.1963
2020-12-22 17:28:46.482896,4,in_sample,0.65,0.2277
2020-12-22 17:28:46.613914,4,in_sample,0.7,0.1967
2020-12-22 17:28:46.731913,4,in_sample,0.69,0.1992
2020-12-22 17:28:46.868914,4,in_sample,0.64,0.2585
2020-12-22 17:28:47.003913,4,in_sample,0.77,0.1811
2020-12-22 17:28:47.119914,4,in_sample,0.74,0.1745
2020-12-22 17:28:47.251941,4,in_sample,0.68,0.2114
2020-12-22 17:28:47.387914,4,in_sample,0.78,0.1783
2020-12-22 17:28:47.528951,4,in_sample,0.74,0.1744
2020-12-22 17:28:47.664949,4,in_sample,0.57,0.233
2020-12-22 17:28:47.799950,4,in_sample,0.78,0.1673
2020-12-22 17:28:47.921953,4,in_sample,0.77,0.1618
2020-12-22 17:28:48.048976,4,in_sample,0.79,0.1586
2020-12-22 17:28:48.182951,4,in_sample,0.73,0.1779
2020-12-22 17:28:48.319953,4,in_sample,0.71,0.189
2020-12-22 17:28:48.454950,4,in_sample,0.77,0.1735
2020-12-22 17:28:48.598527,4,in_sample,0.77,0.1683
2020-12-22 17:28:48.723528,4,in_sample,0.72,0.1956
2020-12-22 17:28:48.860560,4,in_sample,0.7,0.1924
2020-12-22 17:28:48.998558,4,in_sample,0.77,0.1634
2020-12-22 17:28:49.126066,4,in_sample,0.68,0.2013
2020-12-22 17:28:49.261083,4,in_sample,0.72,0.1637
2020-12-22 17:28:49.416067,4,in_sample,0.75,0.1748
2020-12-22 17:28:49.552067,4,in_sample,0.75,0.1753
2020-12-22 17:28:49.669070,4,in_sample,0.75,0.1767
2020-12-22 17:28:49.796580,4,in_sample,0.71,0.1894
2020-12-22 17:28:49.916584,4,in_sample,0.7,0.1778
2020-12-22 17:28:50.036581,4,in_sample,0.69,0.1902
2020-12-22 17:28:50.168580,4,in_sample,0.67,0.2229
2020-12-22 17:28:50.295604,4,in_sample,0.65,0.211
2020-12-22 17:28:50.431112,4,in_sample,0.76,0.1654
2020-12-22 17:28:50.559111,4,in_sample,0.78,0.1591
2020-12-22 17:28:50.688113,4,in_sample,0.67,0.2029
2020-12-22 17:28:50.823112,4,in_sample,0.73,0.2007
2020-12-22 17:28:50.932112,4,in_sample,0.72,0.1784
2020-12-22 17:28:51.054111,4,in_sample,0.82,0.1618
2020-12-22 17:28:51.196113,4,in_sample,0.72,0.1982
2020-12-22 17:28:51.329995,4,in_sample,0.73,0.1861
2020-12-22 17:28:51.474995,4,in_sample,0.76,0.1686
2020-12-22 17:28:51.602009,4,in_sample,0.74,0.1771
2020-12-22 17:28:51.726007,4,in_sample,0.74,0.1763
2020-12-22 17:28:51.855006,4,in_sample,0.64,0.2097
2020-12-22 17:28:51.987006,4,in_sample,0.8,0.159
2020-12-22 17:28:52.114007,4,in_sample,0.73,0.1734
2020-12-22 17:28:52.247007,4,in_sample,0.76,0.1631
2020-12-22 17:28:52.381007,4,in_sample,0.78,0.1516
2020-12-22 17:28:52.513008,4,in_sample,0.8,0.169
2020-12-22 17:28:52.652010,4,in_sample,0.77,0.1573
2020-12-22 17:28:52.787021,4,in_sample,0.64,0.1974
2020-12-22 17:28:52.925043,4,in_sample,0.7,0.1871
2020-12-22 17:28:53.054042,4,in_sample,0.74,0.1714
2020-12-22 17:28:53.192042,4,in_sample,0.71,0.1931
2020-12-22 17:28:53.338043,4,in_sample,0.74,0.1696
2020-12-22 17:28:53.453043,4,in_sample,0.74,0.1644
2020-12-22 17:28:53.587044,4,in_sample,0.82,0.1474
2020-12-22 17:28:53.721043,4,in_sample,0.73,0.1751
2020-12-22 17:28:53.857043,4,in_sample,0.68,0.2005
2020-12-22 17:28:53.996042,4,in_sample,0.7,0.1911
2020-12-22 17:28:54.133043,4,in_sample,0.72,0.1852
2020-12-22 17:28:54.265042,4,in_sample,0.65,0.1987
2020-12-22 17:28:54.405044,4,in_sample,0.78,0.1721
2020-12-22 17:28:54.531091,4,in_sample,0.78,0.1756
2020-12-22 17:28:54.658064,4,in_sample,0.59,0.2666
2020-12-22 17:28:54.791065,4,in_sample,0.67,0.2256
2020-12-22 17:28:54.907064,4,in_sample,0.71,0.2088
2020-12-22 17:28:55.031078,4,in_sample,0.72,0.1858
2020-12-22 17:28:55.147079,4,in_sample,0.72,0.1857
2020-12-22 17:28:55.266079,4,in_sample,0.74,0.1855
2020-12-22 17:28:55.412080,4,in_sample,0.73,0.181
2020-12-22 17:28:55.526081,4,in_sample,0.76,0.1673
2020-12-22 17:28:55.668110,4,in_sample,0.72,0.1924
2020-12-22 17:28:55.800079,4,in_sample,0.75,0.1568
2020-12-22 17:28:55.932078,4,in_sample,0.7,0.1911
2020-12-22 17:28:56.078080,4,in_sample,0.67,0.1919
2020-12-22 17:28:56.218080,4,in_sample,0.71,0.1945
2020-12-22 17:28:56.351078,4,in_sample,0.69,0.2015
2020-12-22 17:28:56.490080,4,in_sample,0.71,0.195
2020-12-22 17:28:56.623078,4,in_sample,0.74,0.1871
2020-12-22 17:28:56.759080,4,in_sample,0.68,0.2052
2020-12-22 17:28:56.896079,4,in_sample,0.79,0.1532
2020-12-22 17:28:57.039098,4,in_sample,0.65,0.2133
2020-12-22 17:28:57.157099,4,in_sample,0.76,0.1707
2020-12-22 17:28:57.284099,4,in_sample,0.64,0.2197
2020-12-22 17:28:57.415100,4,in_sample,0.65,0.2395
2020-12-22 17:28:57.544098,4,in_sample,0.7,0.1912
2020-12-22 17:28:57.677100,4,in_sample,0.69,0.2006
2020-12-22 17:28:57.816098,4,in_sample,0.72,0.1922
2020-12-22 17:28:57.957099,4,in_sample,0.73,0.1743
2020-12-22 17:28:58.072098,4,in_sample,0.71,0.1745
2020-12-22 17:28:58.205098,4,in_sample,0.75,0.1821
2020-12-22 17:28:58.339099,4,in_sample,0.68,0.2173
2020-12-22 17:28:58.472100,4,in_sample,0.61,0.2292
2020-12-22 17:28:58.594101,4,in_sample,0.72,0.1707
2020-12-22 17:28:58.709099,4,in_sample,0.82,0.1585
2020-12-22 17:28:58.840098,4,in_sample,0.68,0.1932
2020-12-22 17:28:58.983101,4,in_sample,0.67,0.1885
2020-12-22 17:28:59.122099,4,in_sample,0.77,0.186
2020-12-22 17:28:59.264100,4,in_sample,0.71,0.1807
2020-12-22 17:28:59.408098,4,in_sample,0.78,0.1738
2020-12-22 17:28:59.528098,4,in_sample,0.72,0.1723
2020-12-22 17:28:59.658098,4,in_sample,0.76,0.1617
2020-12-22 17:28:59.795097,4,in_sample,0.69,0.2036
2020-12-22 17:28:59.919100,4,in_sample,0.81,0.1448
2020-12-22 17:29:00.039097,4,in_sample,0.77,0.1546
2020-12-22 17:29:00.173098,4,in_sample,0.63,0.2398
2020-12-22 17:29:00.293098,4,in_sample,0.7,0.1988
2020-12-22 17:29:00.427097,4,in_sample,0.71,0.1733
2020-12-22 17:29:00.549097,4,in_sample,0.76,0.1819
2020-12-22 17:29:00.683099,4,in_sample,0.73,0.184
2020-12-22 17:29:00.814098,4,in_sample,0.63,0.2293
2020-12-22 17:29:00.947099,4,in_sample,0.78,0.1515
2020-12-22 17:29:01.091100,4,in_sample,0.59,0.2432
2020-12-22 17:29:01.228611,4,in_sample,0.7,0.1794
2020-12-22 17:29:01.373611,4,in_sample,0.75,0.1687
2020-12-22 17:29:01.506610,4,in_sample,0.66,0.2199
2020-12-22 17:29:01.651612,4,in_sample,0.7,0.2119
2020-12-22 17:29:01.796612,4,in_sample,0.65,0.2116
2020-12-22 17:29:01.937612,4,in_sample,0.73,0.177
2020-12-22 17:29:02.074612,4,in_sample,0.74,0.1827
2020-12-22 17:29:02.218611,4,in_sample,0.69,0.196
2020-12-22 17:29:02.348639,4,in_sample,0.71,0.1793
2020-12-22 17:29:02.475638,4,in_sample,0.72,0.1803
2020-12-22 17:29:02.592637,4,in_sample,0.76,0.1523
2020-12-22 17:29:02.721640,4,in_sample,0.78,0.1669
2020-12-22 17:29:02.855638,4,in_sample,0.63,0.2119
2020-12-22 17:29:02.997637,4,in_sample,0.73,0.1788
2020-12-22 17:29:03.130638,4,in_sample,0.75,0.1805
2020-12-22 17:29:03.260637,4,in_sample,0.71,0.1984
2020-12-22 17:29:03.403639,4,in_sample,0.71,0.2057
2020-12-22 17:29:03.545639,4,in_sample,0.7,0.1959
2020-12-22 17:29:03.696637,4,in_sample,0.79,0.178
2020-12-22 17:29:03.851148,4,in_sample,0.78,0.1475
2020-12-22 17:29:03.998148,4,in_sample,0.67,0.1962
2020-12-22 17:29:04.146147,4,in_sample,0.72,0.1916
2020-12-22 17:29:04.287148,4,in_sample,0.67,0.1983
2020-12-22 17:29:04.435150,4,in_sample,0.74,0.1876
2020-12-22 17:29:04.578147,4,in_sample,0.81,0.1704
2020-12-22 17:29:04.716147,4,in_sample,0.73,0.1707
2020-12-22 17:29:04.859149,4,in_sample,0.66,0.2058
2020-12-22 17:29:05.004175,4,in_sample,0.66,0.2052
2020-12-22 17:29:05.143148,4,in_sample,0.72,0.1876
2020-12-22 17:29:05.287148,4,in_sample,0.72,0.1879
2020-12-22 17:29:05.426691,4,in_sample,0.67,0.1954
2020-12-22 17:29:05.567702,4,in_sample,0.71,0.1771
2020-12-22 17:29:05.701729,4,in_sample,0.66,0.1953
2020-12-22 17:29:05.841725,4,in_sample,0.76,0.1995
2020-12-22 17:29:05.986724,4,in_sample,0.63,0.2509
2020-12-22 17:29:06.160724,4,in_sample,0.74,0.1766
2020-12-22 17:29:06.312726,4,in_sample,0.76,0.1681
2020-12-22 17:29:06.467726,4,in_sample,0.71,0.1975
2020-12-22 17:29:06.618723,4,in_sample,0.65,0.2259
2020-12-22 17:29:06.766724,4,in_sample,0.75,0.17
2020-12-22 17:29:06.913726,4,in_sample,0.7,0.1896
2020-12-22 17:29:07.065724,4,in_sample,0.81,0.1494
2020-12-22 17:29:07.218726,4,in_sample,0.73,0.1815
2020-12-22 17:29:07.375725,4,in_sample,0.76,0.1649
2020-12-22 17:29:07.543725,4,in_sample,0.73,0.1847
2020-12-22 17:29:07.688724,4,in_sample,0.74,0.1732
2020-12-22 17:29:07.825726,4,in_sample,0.64,0.2077
2020-12-22 17:29:07.964724,4,in_sample,0.8,0.148
2020-12-22 17:29:08.105723,4,in_sample,0.74,0.17
2020-12-22 17:29:08.252724,4,in_sample,0.72,0.1689
2020-12-22 17:29:08.397727,4,in_sample,0.81,0.1572
2020-12-22 17:29:08.531725,4,in_sample,0.78,0.1738
2020-12-22 17:29:08.674279,4,in_sample,0.71,0.1886
2020-12-22 17:29:08.818278,4,in_sample,0.74,0.1691
2020-12-22 17:29:08.949278,4,in_sample,0.68,0.1871
2020-12-22 17:29:09.086278,4,in_sample,0.74,0.1681
2020-12-22 17:29:09.229278,4,in_sample,0.75,0.1694
2020-12-22 17:29:09.371278,4,in_sample,0.68,0.2034
2020-12-22 17:29:09.506280,4,in_sample,0.74,0.2044
2020-12-22 17:29:09.652280,4,in_sample,0.75,0.184
2020-12-22 17:29:09.794298,4,in_sample,0.82,0.1399
2020-12-22 17:29:09.933300,4,in_sample,0.78,0.1663
2020-12-22 17:29:10.077296,4,in_sample,0.72,0.1941
2020-12-22 17:29:10.206812,4,in_sample,0.67,0.2088
2020-12-22 17:29:10.351348,4,in_sample,0.74,0.1971
2020-12-22 17:29:10.491347,4,in_sample,0.75,0.1583
2020-12-22 17:29:10.624349,4,in_sample,0.72,0.2105
2020-12-22 17:29:10.753348,4,in_sample,0.66,0.1985
2020-12-22 17:29:10.868348,4,in_sample,0.75,0.1565
2020-12-22 17:29:10.999349,4,in_sample,0.74,0.1817
2020-12-22 17:29:11.134348,4,in_sample,0.75,0.1888
2020-12-22 17:29:11.278373,4,in_sample,0.67,0.2028
2020-12-22 17:29:11.416373,4,in_sample,0.8,0.1654
2020-12-22 17:29:11.555373,4,in_sample,0.72,0.1704
2020-12-22 17:29:11.699885,4,in_sample,0.7,0.2013
2020-12-22 17:29:11.843884,4,in_sample,0.65,0.209
2020-12-22 17:29:11.983883,4,in_sample,0.76,0.1832
2020-12-22 17:29:12.119886,4,in_sample,0.75,0.1633
2020-12-22 17:29:12.253883,4,in_sample,0.74,0.1687
2020-12-22 17:29:12.401884,4,in_sample,0.76,0.1883
2020-12-22 17:29:12.559886,4,in_sample,0.73,0.1681
2020-12-22 17:29:12.712885,4,in_sample,0.68,0.1871
2020-12-22 17:29:12.861884,4,in_sample,0.79,0.144
2020-12-22 17:29:13.011883,4,in_sample,0.7,0.209
2020-12-22 17:29:13.152886,4,in_sample,0.83,0.1381
2020-12-22 17:29:13.289887,4,in_sample,0.8,0.151
2020-12-22 17:29:13.429884,4,in_sample,0.81,0.1416
2020-12-22 17:29:13.557884,4,in_sample,0.72,0.1767
2020-12-22 17:29:13.689484,4,in_sample,0.77,0.1671
2020-12-22 17:29:13.821483,4,in_sample,0.81,0.1375
2020-12-22 17:29:13.969014,4,in_sample,0.73,0.1756
2020-12-22 17:29:14.021014,4,in_sample,0.86,0.1189
